Año,Trimestre,Provincia,Accesos por cada 100 hab,z_score
2024,1,Buenos Aires,27.8,1.3320643719972827
2024,1,Catamarca,17.5,0.21314789164251882
2024,1,Chaco,12.48,-0.332188101695434
2024,1,Chubut,26.02,1.1386982229651001
2024,1,Córdoba,27.77,1.3288053919574143
2024,1,Corrientes,13.68,-0.2018289001007043
2024,1,Entre Ríos,20.72,0.5629450825883769
2024,1,Formosa,10.08,-0.5929065048848936
2024,1,Jujuy,14.74,-0.08667827202535962
2024,1,La Pampa,33.11,1.9089038390539619
2024,1,La Rioja,21.3,0.6259520300258299
2024,1,Mendoza,14.67,-0.09428255878505222
2024,1,Misiones,15.46,-0.008462751068521691
2024,1,Neuquén,23.66,0.882325126495465
2024,1,Río Negro,21.88,0.6889589774632824
2024,1,Salta,13.63,-0.2072605335004846
2024,1,San Juan,13.15,-0.25940421413837655
2024,1,San Luis,29.39,1.5047903141102996
2024,1,Santa Cruz,20.1,0.49559282843110014
2024,1,Santa Fe,25.28,1.0583100486483503
2024,1,Santiago Del Estero,12.26,-0.35608728865446787
2024,1,Tierra Del Fuego,32.54,1.8469832182964652
2024,1,Tucumán,14.98,-0.060606431706413645
2023,4,Buenos Aires,27.68,1.3190284518378097
2023,4,Catamarca,17.46,0.2088025849226946
2023,4,Chaco,11.85,-0.4006266825326672
2023,4,Chubut,26.04,1.1408708763250122
2023,4,Córdoba,27.76,1.3277190652774584
2023,4,Corrientes,13.84,-0.18444767322140698
2023,4,Entre Ríos,20.91,0.5835852895075426
2023,4,Formosa,9.98,-0.6037697716844543
2023,4,Jujuy,14.77,-0.08341929198549144
2023,4,La Pampa,32.93,1.8893499588147524
2023,4,La Rioja,21.35,0.6313836634256104
2023,4,Mendoza,14.55,-0.10731847894452512
2023,4,Misiones,15.33,-0.022584997907950835
2023,4,Neuquén,23.78,0.8953610466549381
2023,4,Río Negro,21.61,0.6596281571044682
2023,4,Salta,13.8,-0.18879297994123123
2023,4,San Juan,12.75,-0.3028572813366198
2023,4,San Luis,29.21,1.4852364338710902
2023,4,Santa Cruz,21.94,0.6954769375430191
2023,4,Santa Fe,25.08,1.0365835150492284
2023,4,Santiago Del Estero,12.18,-0.36477790209411654
2023,4,Tierra Del Fuego,32.75,1.869796078575543
2023,4,Tucumán,15.12,-0.045397858187028635
2023,3,Buenos Aires,27.5,1.2994745715986002
2023,3,Catamarca,17.44,0.20662993156278248
2023,3,Chaco,11.46,-0.44299342305095424
2023,3,Chubut,25.82,1.1169716893659787
2023,3,Córdoba,27.57,1.3070788583582928
2023,3,Corrientes,13.9,-0.17792971314167044
2023,3,Entre Ríos,20.58,0.5477365090689917
2023,3,Formosa,9.89,-0.6135467118040591
2023,3,Jujuy,14.73,-0.08776459870531568
2023,3,La Pampa,32.62,1.8556738317361137
2023,3,La Rioja,21.41,0.6379016235053466
2023,3,Mendoza,14.52,-0.11057745898439349
2023,3,Misiones,15.12,-0.045397858187028635
2023,3,Neuquén,23.8,0.8975337000148502
2023,3,Río Negro,21.04,0.5977075363469716
2023,3,Salta,13.94,-0.17358440642184622
2023,3,San Juan,12.85,-0.2919940145370591
2023,3,San Luis,28.2,1.3755174391955258
2023,3,Santa Cruz,12.17,-0.3658642287740726
2023,3,Santa Fe,24.87,1.013770654770151
2023,3,Santiago Del Estero,12.08,-0.37564116889367727
2023,3,Tierra Del Fuego,31.41,1.724228303461428
2023,3,Tucumán,15.17,-0.03996622478724815
2023,2,Buenos Aires,27.1,1.256021504400357
2023,2,Catamarca,17.15,0.1751264578440558
2023,2,Chaco,11.46,-0.44299342305095424
2023,2,Chubut,25.28,1.0583100486483503
2023,2,Córdoba,27.59,1.3092515117182049
2023,2,Corrientes,13.79,-0.18987930662118746
2023,2,Entre Ríos,19.26,0.4043413873147893
2023,2,Formosa,9.75,-0.6287552853234443
2023,2,Jujuy,14.78,-0.08233296530553538
2023,2,La Pampa,32.4,1.83177464477708
2023,2,La Rioja,21.3,0.6259520300258299
2023,2,Mendoza,14.54,-0.10840480562448136
2023,2,Misiones,15.03,-0.055174798306633355
2023,2,Neuquén,23.5,0.8649438996161677
2023,2,Río Negro,21.09,0.6031391697467521
2023,2,Salta,13.92,-0.17575705978175832
2023,2,San Juan,12.1,-0.3734685155337652
2023,2,San Luis,26.73,1.215827417241982
2023,2,Santa Cruz,12.39,-0.34196504181503873
2023,2,Santa Fe,24.79,1.005080041330502
2023,2,Santiago Del Estero,11.7,-0.41692158273200847
2023,2,Tierra Del Fuego,31.54,1.738350550300857
2023,2,Tucumán,15.05,-0.05300214494672104
2023,1,Buenos Aires,26.81,1.2245180306816306
2023,1,Catamarca,16.83,0.14036400408546118
2023,1,Chaco,11.53,-0.43538913629126186
2023,1,Chubut,26.32,1.1712880233637826
2023,1,Córdoba,27.2,1.2668847711999178
2023,1,Corrientes,13.71,-0.19856992006083593
2023,1,Entre Ríos,19.37,0.41629098079430615
2023,1,Formosa,9.87,-0.6157193651639714
2023,1,Jujuy,14.88,-0.07146969850597443
2023,1,La Pampa,31.81,1.7676813706596712
2023,1,La Rioja,21.23,0.6183477432661373
2023,1,Mendoza,14.34,-0.13013133922360293
2023,1,Misiones,14.7,-0.09102357874518405
2023,1,Neuquén,23.38,0.8519079794566946
2023,1,Río Negro,21.27,0.6226930499859614
2023,1,Salta,13.97,-0.17032542638197784
2023,1,San Juan,12.67,-0.3115478947762685
2023,1,San Luis,25.8,1.1147990360060664
2023,1,Santa Cruz,12.92,-0.2843897277773665
2023,1,Santa Fe,24.57,0.9811808543714684
2023,1,Santiago Del Estero,11.8,-0.4060583159324475
2023,1,Tierra Del Fuego,30.9,1.6688256427836679
2023,1,Tucumán,14.95,-0.06386541174628202
2022,4,Buenos Aires,26.72,1.2147410905620257
2022,4,Catamarca,16.73,0.1295007372859006
2022,4,Chaco,11.66,-0.4212668894518327
2022,4,Chubut,26.23,1.161511083244178
2022,4,Córdoba,27.26,1.2734027312796545
2022,4,Corrientes,13.6,-0.21051951354035298
2022,4,Entre Ríos,19.14,0.3913054671553162
2022,4,Formosa,10.03,-0.5983381382846741
2022,4,Jujuy,14.95,-0.06386541174628202
2022,4,La Pampa,31.23,1.7046744232222186
2022,4,La Rioja,21.26,0.6216067233060056
2022,4,Mendoza,14.33,-0.131217665903559
2022,4,Misiones,14.39,-0.12469970582382243
2022,4,Neuquén,23.41,0.855166959496563
2022,4,Río Negro,21.04,0.5977075363469716
2022,4,Salta,14.04,-0.16272113962228543
2022,4,San Juan,12.96,-0.28004442105754207
2022,4,San Luis,25.83,1.1180580160459344
2022,4,Santa Cruz,12.95,-0.2811307477374983
2022,4,Santa Fe,24.65,0.9898714678111169
2022,4,Santiago Del Estero,11.92,-0.3930223957729746
2022,4,Tierra Del Fuego,30.07,1.5786605283473132
2022,4,Tucumán,15.12,-0.045397858187028635
2022,3,Buenos Aires,26.37,1.1767196567635632
2022,3,Catamarca,16.62,0.11755114380638378
2022,3,Chaco,11.72,-0.4147489293720962
2022,3,Chubut,25.86,1.121316996085803
2022,3,Córdoba,27.04,1.2495035443206204
2022,3,Corrientes,12.69,-0.3093752414163564
2022,3,Entre Ríos,19.04,0.38044220035575527
2022,3,Formosa,11.14,-0.4777558768095489
2022,3,Jujuy,15.06,-0.05191581826676499
2022,3,La Pampa,31.82,1.7687676973396274
2022,3,La Rioja,21.47,0.644419583585083
2022,3,Mendoza,14.24,-0.1409946060231637
2022,3,Misiones,14.11,-0.15511685286259283
2022,3,Neuquén,23.92,0.9105696201743233
2022,3,Río Negro,20.91,0.5835852895075426
2022,3,Salta,13.99,-0.16815277302206572
2022,3,San Juan,12.94,-0.28221707441745436
2022,3,San Luis,23.39,0.8529943061366508
2022,3,Santa Cruz,12.85,-0.2919940145370591
2022,3,Santa Fe,24.7,0.9953031012108974
2022,3,Santiago Del Estero,11.91,-0.39410872245293066
2022,3,Tierra Del Fuego,29.5,1.5167399075898165
2022,3,Tucumán,15.14,-0.04322520482711633
2022,2,Buenos Aires,26.12927127832741,1.1505686534650972
2022,2,Catamarca,15.871790195247085,0.036271116495601455
2022,2,Chaco,11.70254390369554,-0.41664523168643797
2022,2,Chubut,25.499919336270644,1.0822004728912535
2022,2,Córdoba,26.781590841133493,1.2214318679584508
2022,2,Corrientes,12.732146965383649,-0.30479670411881205
2022,2,Entre Ríos,19.10468595065942,0.38746920775772037
2022,2,Formosa,11.049814591140093,-0.4875529583882754
2022,2,Jujuy,14.656913524540677,-0.09570417752885753
2022,2,La Pampa,30.632721559665786,1.6397904727124573
2022,2,La Rioja,21.331409216914373,0.629364097058891
2022,2,Mendoza,13.782233784570575,-0.19072297132351443
2022,2,Misiones,13.89002818196789,-0.17901297833926524
2022,2,Neuquén,23.81745752817118,0.8994301578766938
2022,2,Río Negro,20.867543527383393,0.5789731296135181
2022,2,Salta,13.936010557448652,-0.1740177902100143
2022,2,San Juan,12.597912455631214,-0.31937895705030156
2022,2,San Luis,23.396972678771853,0.8537517668347135
2022,2,Santa Cruz,12.83962283852644,-0.29312131327415314
2022,2,Santa Fe,24.495906799164608,0.9731319122843853
2022,2,Santiago Del Estero,11.836737968128928,-0.40206737243786456
2022,2,Tierra Del Fuego,29.60495526496903,1.528141478043588
2022,2,Tucumán,14.6914572899128,-0.09195159613386958
2022,1,Buenos Aires,25.563030152028354,1.0890563691863928
2022,1,Catamarca,14.805619574995312,-0.07954984252088101
2022,1,Chaco,11.775342040436145,-0.40873697586719693
2022,1,Chubut,26.988759663104396,1.2439371698146573
2022,1,Córdoba,26.255262218351167,1.1642553854231528
2022,1,Corrientes,12.545281287312793,-0.3250964212844575
2022,1,Entre Ríos,19.04540527092108,0.38102938935715136
2022,1,Formosa,8.896427435598431,-0.7214811503222397
2022,1,Jujuy,14.847641828629394,-0.07498485299342256
2022,1,La Pampa,30.200415031402574,1.5928278611553057
2022,1,La Rioja,20.96917417226944,0.5900135377176036
2022,1,Mendoza,13.5994765497552,-0.21057637733700843
2022,1,Misiones,13.357539336702546,-0.23685866227834018
2022,1,Neuquén,22.07746042609429,0.710409630373455
2022,1,Río Negro,20.61822984084394,0.5518895186769167
2022,1,Salta,13.588166053353753,-0.21180506673745245
2022,1,San Juan,11.092116468606637,-0.48295759257786147
2022,1,San Luis,23.101656231687382,0.8216707532849437
2022,1,Santa Cruz,12.894297328809571,-0.2871818775233966
2022,1,Santa Fe,24.307396998934415,0.9526535897420604
2022,1,Santiago Del Estero,11.706882132029497,-0.41617395836814614
2022,1,Tierra Del Fuego,29.13865104068589,1.4774856060620882
2022,1,Tucumán,14.215533334298076,-0.14365248519532034
2021,4,Buenos Aires,25.36251411440295,1.0672737770432372
2021,4,Catamarca,14.054223759225387,-0.16117597470870443
2021,4,Chaco,11.772399458164147,-0.40905663643020074
2021,4,Chubut,25.309325144656967,1.0614957173517936
2021,4,Córdoba,25.873153715537683,1.1227459192987166
2021,4,Corrientes,11.983198552620907,-0.38615696838830466
2021,4,Entre Ríos,18.88227767661483,0.36330840356395827
2021,4,Formosa,8.768865242200624,-0.7353385717264153
2021,4,Jujuy,14.555241944242491,-0.10674903255597919
2021,4,La Pampa,29.509892061530994,1.5178145086259052
2021,4,La Rioja,20.742382050283958,0.5653765044259352
2021,4,Mendoza,13.25625900699059,-0.24786101471042488
2021,4,Misiones,13.363319043268442,-0.23623079733385519
2021,4,Neuquén,21.817563119077384,0.6821762925073347
2021,4,Río Negro,20.205613568445425,0.5070659121478633
2021,4,Salta,13.759337691497715,-0.19321023500069506
2021,4,San Juan,10.084133235970333,-0.5924575004339809
2021,4,San Luis,22.97895624197615,0.8083415260395788
2021,4,Santa Cruz,12.808821353847454,-0.29646736073305713
2021,4,Santa Fe,24.23965799751964,0.945294921291015
2021,4,Santiago Del Estero,11.675440470480114,-0.41958954994847053
2021,4,Tierra Del Fuego,29.171007839182543,1.481000611410576
2021,4,Tucumán,13.852880446424063,-0.18304843596138654
2021,3,Buenos Aires,23.96989190399953,0.915989510817173
2021,3,Catamarca,13.407472376612356,-0.23143430293180636
2021,3,Chaco,11.48213456009956,-0.44058888673243
2021,3,Chubut,24.738375502880167,0.9994719344744432
2021,3,Córdoba,24.885957628675673,1.0155041745480724
2021,3,Corrientes,11.8228555121759,-0.4035754606663734
2021,3,Entre Ríos,18.590565595869126,0.33161894194600217
2021,3,Formosa,8.643582187295351,-0.7489484042354153
2021,3,Jujuy,14.240381868423986,-0.1409531226374428
2021,3,La Pampa,27.767891191051227,1.3285763064150162
2021,3,La Rioja,20.565964530219404,0.546211798540154
2021,3,Mendoza,12.710228113581037,-0.3071778074695301
2021,3,Misiones,12.411772581325813,-0.33959982821646434
2021,3,Neuquén,20.74816202113861,0.5660043980808132
2021,3,Río Negro,19.05925062746504,0.38253344737787226
2021,3,Salta,13.55352602212216,-0.21556810574959157
2021,3,San Juan,10.050236642022515,-0.5961397778704961
2021,3,San Luis,22.857408818789526,0.7951375051708246
2021,3,Santa Cruz,13.016254371883871,-0.2739333585533801
2021,3,Santa Fe,23.58815244581783,0.8745201349956968
2021,3,Santiago Del Estero,11.660736690891678,-0.4211868607547817
2021,3,Tierra Del Fuego,28.150170112829368,1.3701042856062602
2021,3,Tucumán,13.533446775711843,-0.21774936785848556
2021,2,Buenos Aires,23.35247372787298,0.8489177270755633
2021,2,Catamarca,13.313748671467298,-0.24161575907614768
2021,2,Chaco,11.580041340539402,-0.4299530119583897
2021,2,Chubut,22.159781771420207,0.7193524177491969
2021,2,Córdoba,24.528406291253745,0.9766624188185304
2021,2,Corrientes,11.465064580129559,-0.4424432441992029
2021,2,Entre Ríos,18.435680632917915,0.3147933751882112
2021,2,Formosa,8.456293049570467,-0.7692941229530663
2021,2,Jujuy,14.366784069218694,-0.12722171432459714
2021,2,La Pampa,27.043558440191944,1.249890107172574
2021,2,La Rioja,20.49158509575061,0.5381317621298046
2021,2,Mendoza,11.433847066800618,-0.4458344859603141
2021,2,Misiones,12.26014659485293,-0.3560713636644796
2021,2,Neuquén,20.58023612564588,0.5477621600278859
2021,2,Río Negro,19.052051860128394,0.3817514260758127
2021,2,Salta,13.303441391384512,-0.24273546641131877
2021,2,San Juan,10.00671906693712,-0.6008672081567219
2021,2,San Luis,23.89055527674358,0.9073709613285859
2021,2,Santa Cruz,13.096756425784957,-0.26518820565897894
2021,2,Santa Fe,23.60478745301367,0.8763272402095071
2021,2,Santiago Del Estero,11.554388875216853,-0.43273970770704306
2021,2,Tierra Del Fuego,20.126647945777083,0.49848766587746685
2021,2,Tucumán,13.606163819728007,-0.2098499213582556
2021,1,Buenos Aires,22.998353975762015,0.8104487536138059
2021,1,Catamarca,12.438278918256517,-0.3367203741168915
2021,1,Chaco,11.528896477487843,-0.4355090148859507
2021,1,Chubut,21.147838315076264,0.6094223002258572
2021,1,Córdoba,24.061371645661506,0.9259271992214623
2021,1,Corrientes,11.234115869536096,-0.46753181880111633
2021,1,Entre Ríos,18.070581721504354,0.27513170635906387
2021,1,Formosa,8.330895284429907,-0.7829164167409721
2021,1,Jujuy,14.226045966500736,-0.1425104699114888
2021,1,La Pampa,26.943299898725044,1.2389987543236765
2021,1,La Rioja,13.258360163449572,-0.24763276047840943
2021,1,Mendoza,10.926002451479471,-0.5010030014498537
2021,1,Misiones,11.758811611223322,-0.41053272049569844
2021,1,Neuquén,19.895917331182986,0.4734227836258436
2021,1,Río Negro,18.724905657874665,0.34621266130035927
2021,1,Salta,13.061128426236175,-0.26905857030530933
2021,1,San Juan,9.948368694803314,-0.6072059647601538
2021,1,San Luis,23.24883515831701,0.83765919275745
2021,1,Santa Cruz,12.391825403443834,-0.3417667433687667
2021,1,Santa Fe,23.242382186130484,0.8369581891723262
2021,1,Santiago Del Estero,11.334871169032645,-0.4565865018021096
2021,1,Tierra Del Fuego,22.9312154304354,0.8031553143096317
2021,1,Tucumán,13.57896382467824,-0.21280472938997905
2020,4,Buenos Aires,22.90151153254686,0.7999285006321303
2020,4,Catamarca,12.567459308545084,-0.32268716366713046
2020,4,Chaco,11.50064617804086,-0.43857792028655124
2020,4,Chubut,20.950871174621614,0.5880252342508029
2020,4,Córdoba,23.904978675681004,0.9089378136367233
2020,4,Corrientes,11.172002734788627,-0.47427933434630454
2020,4,Entre Ríos,17.78197083072765,0.2437791352814016
2020,4,Formosa,8.268390853815193,-0.7897064398001948
2020,4,Jujuy,13.669623117135359,-0.20295616857176815
2020,4,La Pampa,26.940422171804798,1.2386861391705675
2020,4,La Rioja,13.339129511730942,-0.2388585706823377
2020,4,Mendoza,10.779753857792285,-0.5168903763726983
2020,4,Misiones,11.614898792582805,-0.4261663539433859
2020,4,Neuquén,19.943555550895127,0.4785978505317345
2020,4,Río Negro,18.789319055171752,0.353210060503403
2020,4,Salta,13.088389057411085,-0.2660971752095347
2020,4,San Juan,9.251858120163535,-0.6828697667704271
2020,4,San Luis,23.375314368474104,0.8513989668027923
2020,4,Santa Cruz,11.008682660661702,-0.4920212297359529
2020,4,Santa Fe,23.136769743176906,0.8254852277207451
2020,4,Santiago Del Estero,10.857437164805166,-0.5084514314731671
2020,4,Tierra Del Fuego,22.609569143137627,0.7682140199695926
2020,4,Tucumán,13.57016980842894,-0.2137600468375373
2020,3,Buenos Aires,22.410088053440287,0.7465438569810994
2020,3,Catamarca,11.995288801288368,-0.38484357241882805
2020,3,Chaco,11.102767361905425,-0.4818005576222776
2020,3,Chubut,20.94871530485329,0.5877910363660189
2020,3,Córdoba,23.029708353509868,0.8138548633218973
2020,3,Corrientes,10.993613616681577,-0.49365822018765704
2020,3,Entre Ríos,17.398110879051448,0.20207940459415036
2020,3,Formosa,8.120337229392224,-0.8057899000276818
2020,3,Jujuy,13.820037033679931,-0.18661630351386255
2020,3,La Pampa,26.115702018823033,1.1490945886024122
2020,3,La Rioja,13.341312020771634,-0.23862147890232283
2020,3,Mendoza,10.422355488053226,-0.5557155148147331
2020,3,Misiones,11.331798537010407,-0.45692029001645407
2020,3,Neuquén,19.42045929269766,0.4217725083852243
2020,3,Río Negro,17.54802558517,0.21836503909158608
2020,3,Salta,12.670239307125406,-0.3115218982047652
2020,3,San Juan,9.88083251128296,-0.6145426005622108
2020,3,San Luis,22.8839263803681,0.7980181786338427
2020,3,Santa Cruz,10.697207032526524,-0.5258576582358852
2020,3,Santa Fe,22.677710522681583,0.7756163998303539
2020,3,Santiago Del Estero,10.76484130094044,-0.5185103672101504
2020,3,Tierra Del Fuego,22.771515363810202,0.78580666999306
2020,3,Tucumán,13.184990703555616,-0.25560308065608656
2020,2,Buenos Aires,21.552858404836318,0.6534207131683125
2020,2,Catamarca,11.556666835285702,-0.4324922468271766
2020,2,Chaco,10.646198278920558,-0.5313988752312319
2020,2,Chubut,17.577923412048097,0.22161291979262474
2020,2,Córdoba,22.262629768284135,0.7305250700465294
2020,2,Corrientes,10.613139950481656,-0.5349900896490248
2020,2,Entre Ríos,16.90464963972206,0.1484733936133796
2020,2,Formosa,7.925539742616724,-0.8269512707349435
2020,2,Jujuy,12.246000275261045,-0.3576081161040647
2020,2,La Pampa,25.07384596485546,1.0359149857925387
2020,2,La Rioja,13.267548880443243,-0.2466345656359303
2020,2,Mendoza,10.116652469373573,-0.588924849348215
2020,2,Misiones,11.136919674351834,-0.4780905008030046
2020,2,Neuquén,19.02059866374008,0.37833458143516047
2020,2,Río Negro,17.338453751536527,0.1955986916672503
2020,2,Salta,12.492822821915325,-0.33079512433953967
2020,2,San Juan,8.939786450606132,-0.7167709448402916
2020,2,San Luis,22.440286647722235,0.7498244108476644
2020,2,Santa Cruz,10.650675172081195,-0.5309125383828606
2020,2,Santa Fe,22.01189934872471,0.703287555622131
2020,2,Santiago Del Estero,10.787648634906734,-0.516032745671525
2020,2,Tierra Del Fuego,22.642392447335883,0.7717797030770807
2020,2,Tucumán,12.826796661758182,-0.2945146550766722
2020,1,Buenos Aires,21.208081014212762,0.6159666253603118
2020,1,Catamarca,9.568286447482455,-0.6484953133443853
2020,1,Chaco,10.018358007806318,-0.5996028389574577
2020,1,Chubut,15.715139739949185,0.019253759593863856
2020,1,Córdoba,21.64232669040361,0.6631398917304805
2020,1,Corrientes,10.198192297264285,-0.5800669602965443
2020,1,Entre Ríos,16.779387594256768,0.13486584341589786
2020,1,Formosa,7.693633209507935,-0.8521438961521631
2020,1,Jujuy,11.934505713694248,-0.391446601393188
2020,1,La Pampa,24.96348894596364,1.0239266083982783
2020,1,La Rioja,12.337423688670192,-0.3476765467881635
2020,1,Mendoza,9.248656325291032,-0.6832175862898018
2020,1,Misiones,10.627621055982175,-0.5334169685229776
2020,1,Neuquén,18.409872883598883,0.3119898105247229
2020,1,Río Negro,16.95263605430754,0.1536862858573437
2020,1,Salta,12.011697200976553,-0.3830610841831622
2020,1,San Juan,8.251277881190129,-0.7915654676737914
2020,1,San Luis,21.838769386372302,0.6844799859018096
2020,1,Santa Cruz,10.704172537298618,-0.5251009768685565
2020,1,Santa Fe,21.86132458787361,0.6869302176180753
2020,1,Santiago Del Estero,10.539212166838636,-0.5430210620251682
2020,1,Tierra Del Fuego,22.552553250860385,0.7620202314733656
2020,1,Tucumán,11.852464901793745,-0.4003589136744655
2019,4,Buenos Aires,21.135089381908887,0.6080373496017873
2019,4,Catamarca,9.268865071492511,-0.681022256273089
2019,4,Chaco,9.84506318966921,-0.6184283174015055
2019,4,Chubut,15.677171185926401,0.015129134270433414
2019,4,Córdoba,21.57949716642836,0.6563145529121551
2019,4,Corrientes,10.208283637368018,-0.5789707110974247
2019,4,Entre Ríos,17.339132629892976,0.19567244003435588
2019,4,Formosa,7.755476118924716,-0.8454257359056074
2019,4,Jujuy,11.60391510228381,-0.42735954152500316
2019,4,La Pampa,25.344921847620384,1.0653626821665567
2019,4,La Rioja,12.547563567459605,-0.3248484911029959
2019,4,Mendoza,9.390112733918839,-0.6678507992154862
2019,4,Misiones,10.837581902491847,-0.5106083615920156
2019,4,Neuquén,17.668184976921886,0.23141827440232304
2019,4,Río Negro,17.13387032217983,0.17337424790854145
2019,4,Salta,12.195492805546795,-0.36309487729283096
2019,4,San Juan,8.36915261267133,-0.7787604211037226
2019,4,San Luis,21.441352893267833,0.6413075719504129
2019,4,Santa Cruz,10.923427797723754,-0.5012826929565021
2019,4,Santa Fe,21.84835065573258,0.6855208247552013
2019,4,Santiago Del Estero,10.651974288337923,-0.5307714119178557
2019,4,Tierra Del Fuego,23.627546752616215,0.878799643647043
2019,4,Tucumán,11.803181280712074,-0.405712724921052
2019,3,Buenos Aires,22.761733615562225,0.7847440525832209
2019,3,Catamarca,7.855954765218487,-0.8345104724821281
2019,3,Chaco,9.580664387529255,-0.6471506646928117
2019,3,Chubut,14.580466548718958,-0.10400881647256663
2019,3,Córdoba,21.000781776953538,0.5934471561433876
2019,3,Corrientes,10.134028114178687,-0.5870372866948915
2019,3,Entre Ríos,17.311661825597923,0.19268821327179908
2019,3,Formosa,7.664177713890219,-0.8553437252282484
2019,3,Jujuy,11.334206981241007,-0.4566586542939654
2019,3,La Pampa,25.519002705641388,1.084273550220343
2019,3,La Rioja,12.762431790856121,-0.301506782727956
2019,3,Mendoza,11.368189016279217,-0.4529670951638443
2019,3,Misiones,10.713348334458951,-0.524104185542043
2019,3,Neuquén,19.092075679641724,0.3860993203729204
2019,3,Río Negro,19.508498591229387,0.43133645227318745
2019,3,Salta,10.771854623416075,-0.5177484912781085
2019,3,San Juan,9.440941485226007,-0.6623291363501032
2019,3,San Luis,24.390971166174673,0.9617324745048808
2019,3,Santa Cruz,10.601555192584216,-0.5362485728075069
2019,3,Santa Fe,21.656424746361633,0.6646714011627519
2019,3,Santiago Del Estero,13.725288048364083,-0.19690913857859976
2019,3,Tierra Del Fuego,28.598925193212118,1.4188537472648217
2019,3,Tucumán,9.781574184382116,-0.6253252974342298
2019,2,Buenos Aires,22.215789484298067,0.725436685027451
2019,2,Catamarca,8.173397032450584,-0.8000258720581306
2019,2,Chaco,9.125011329267105,-0.6966494720921873
2019,2,Chubut,14.403808727896068,-0.12319962687084719
2019,2,Córdoba,20.841637242238242,0.5761588607403454
2019,2,Corrientes,10.047459019420458,-0.5964415184244425
2019,2,Entre Ríos,17.185820444672466,0.17901772831761498
2019,2,Formosa,7.742195783956093,-0.8468684141251244
2019,2,Jujuy,11.382934590825071,-0.4513652440598001
2019,2,La Pampa,25.39783989548608,1.0711113108913266
2019,2,La Rioja,12.965645588675004,-0.27943112569737066
2019,2,Mendoza,11.373356541672889,-0.4524057330933947
2019,2,Misiones,10.662825595018377,-0.5295926055219194
2019,2,Neuquén,18.777900805620252,0.35196966559078385
2019,2,Río Negro,18.792276756346176,0.35353136347311437
2019,2,Salta,10.146610869132008,-0.5856703884535772
2019,2,San Juan,9.068540162527924,-0.7027840855998894
2019,2,San Luis,23.40822663016059,0.854974313599565
2019,2,Santa Cruz,8.584064828655885,-0.755413933696472
2019,2,Santa Fe,21.201130485144205,0.6152115708436133
2019,2,Santiago Del Estero,13.101581339388986,-0.26466406242132495
2019,2,Tierra Del Fuego,28.10756382159569,1.3654758505161477
2019,2,Tucumán,9.942460440805863,-0.6078477941550925
2019,1,Buenos Aires,21.64173785141924,0.6630759245805885
2019,1,Catamarca,8.188504627374574,-0.7983846937145407
2019,1,Chaco,8.722835003407456,-0.7403389593749922
2019,1,Chubut,13.180368061670734,-0.2561052505772296
2019,1,Córdoba,20.05952769269671,0.4911962137088056
2019,1,Corrientes,9.25199213887151,-0.6828552079606185
2019,1,Entre Ríos,16.979402393290254,0.15659398467351082
2019,1,Formosa,7.55368578631946,-0.8673467581122375
2019,1,Jujuy,11.867849761055307,-0.39868761536614505
2019,1,La Pampa,25.157516640472675,1.0450043545178316
2019,1,La Rioja,13.359402478637785,-0.2366562641990607
2019,1,Mendoza,10.508862067173826,-0.5463180743256891
2019,1,Misiones,9.87579609120626,-0.6150897203122895
2019,1,Neuquén,17.526490396034294,0.21602561403998446
2019,1,Río Negro,16.478122478195964,0.10213861008420612
2019,1,Salta,9.711781014403453,-0.632907115696883
2019,1,San Juan,8.108982017265918,-0.8070234470166184
2019,1,San Luis,19.271779401291518,0.4056210151044776
2019,1,Santa Cruz,7.042691634453057,-0.9228574161596379
2019,1,Santa Fe,21.059894917387947,0.5998687743023765
2019,1,Santiago Del Estero,9.311616280949599,-0.6763780783297265
2019,1,Tierra Del Fuego,27.684925791261847,1.3195635536845736
2019,1,Tucumán,10.31263096739148,-0.5676351822387579
2018,4,Buenos Aires,21.058833823398523,0.5997535048313113
2018,4,Catamarca,8.197333541624968,-0.7974255852040159
2018,4,Chaco,8.7108351925502,-0.7416425308438586
2018,4,Chubut,13.061729706052178,-0.2689932516746851
2018,4,Córdoba,19.92843117514227,0.4769548492419334
2018,4,Corrientes,9.102210657080787,-0.6991263699438802
2018,4,Entre Ríos,16.257794035384702,0.078203743506301
2018,4,Formosa,7.568639138457005,-0.8657223355740582
2018,4,Jujuy,11.899484192418539,-0.3952510826866332
2018,4,La Pampa,24.215175627605007,0.9426353361283331
2018,4,La Rioja,13.402859048246764,-0.2319354611005004
2018,4,Mendoza,10.536933969997644,-0.5432685486262243
2018,4,Misiones,9.38376401334208,-0.668540477670098
2018,4,Neuquén,17.58336203291432,0.22220373168753904
2018,4,Río Negro,15.952033444971306,0.04498815480178145
2018,4,Salta,9.639884990122159,-0.6407173726328369
2018,4,San Juan,8.125067548299477,-0.8052760328643168
2018,4,San Luis,19.332549309229275,0.4122226123376037
2018,4,Santa Cruz,7.049080016507051,-0.9221634291729371
2018,4,Santa Fe,20.62373640643868,0.5524877115889661
2018,4,Santiago Del Estero,9.2821177795649,-0.6795825792370185
2018,4,Tierra Del Fuego,27.748785315817887,1.3265007842140273
2018,4,Tucumán,10.344120436439566,-0.5642143972022992
2018,3,Buenos Aires,20.95908740104848,0.5889177848484092
2018,3,Catamarca,8.373046550087581,-0.7783374122931873
2018,3,Chaco,8.628583509513742,-0.7505777506192379
2018,3,Chubut,17.28630822939319,0.18993398447279547
2018,3,Córdoba,19.66915749676994,0.4487892578193123
2018,3,Corrientes,9.018948170247882,-0.708171396032488
2018,3,Entre Ríos,15.016208210741233,-0.0566730371702463
2018,3,Formosa,7.5279498103121085,-0.8701425258493871
2018,3,Jujuy,5.949165647225797,-1.0416500616746664
2018,3,La Pampa,23.64056278957734,0.8802136104688595
2018,3,La Rioja,13.505484520192356,-0.22078698227874233
2018,3,Mendoza,10.601969231966759,-0.5362035946047261
2018,3,Misiones,8.74450949017475,-0.7379844020500255
2018,3,Neuquén,18.005451709791327,0.26805645942009254
2018,3,Río Negro,15.546572458298687,0.0009418460514031431
2018,3,Salta,9.549341341721156,-0.6505533707286941
2018,3,San Juan,8.419357955569252,-0.773306480757087
2018,3,San Luis,14.983359875657099,-0.06024143944964954
2018,3,Santa Cruz,9.738987459252597,-0.6299516070062451
2018,3,Santa Fe,19.939106982732063,0.4781145907034206
2018,3,Santiago Del Estero,8.996517443513934,-0.7106081057226772
2018,3,Tierra Del Fuego,27.506021696216745,1.3001287245244844
2018,3,Tucumán,10.325137534986972,-0.5662765604333921
2018,2,Buenos Aires,20.374582324435124,0.5254214389189232
2018,2,Catamarca,8.35838388395506,-0.7799302568350919
2018,2,Chaco,8.353123614291734,-0.7805016939629954
2018,2,Chubut,16.830485129144066,0.14041670495870365
2018,2,Córdoba,19.373198551696014,0.41663844799876587
2018,2,Corrientes,8.903247385340823,-0.7207402809861277
2018,2,Entre Ríos,14.711648453505866,-0.08975817616281895
2018,2,Formosa,7.4919076165093035,-0.8740578855226006
2018,2,Jujuy,5.9923974768014165,-1.0369536726855355
2018,2,La Pampa,23.40701065826804,0.8548422193286694
2018,2,La Rioja,13.570922884408905,-0.2136782381846303
2018,2,Mendoza,10.318226443150964,-0.5670273307783003
2018,2,Misiones,8.61598877251767,-0.7519459505018243
2018,2,Neuquén,17.931877810369247,0.2600639304310315
2018,2,Río Negro,15.42558308937726,-0.012201551893636335
2018,2,Salta,9.673102808845783,-0.6371088323598951
2018,2,San Juan,8.392841711641646,-0.7761870110801652
2018,2,San Luis,4.336137508962927,-1.2168776118861506
2018,2,Santa Cruz,9.919588050940062,-0.6103324828896503
2018,2,Santa Fe,19.675591530682105,0.4494882040891649
2018,2,Santiago Del Estero,8.750160589339375,-0.7373705080706645
2018,2,Tierra Del Fuego,27.162316515991055,1.2627911137926562
2018,2,Tucumán,10.283671207148597,-0.5707811582584553
2018,1,Buenos Aires,20.27965291057949,0.5151090034205263
2018,1,Catamarca,8.342098537275874,-0.7816993774940854
2018,1,Chaco,8.240328535251999,-0.7927549243358573
2018,1,Chubut,16.466326556340928,0.10085718762162585
2018,1,Córdoba,19.447381073339752,0.42469709324356714
2018,1,Corrientes,8.60133260210877,-0.7535380893959415
2018,1,Entre Ríos,14.555673456325385,-0.10670215624714205
2018,1,Formosa,5.4480098282582645,-1.0960919553706334
2018,1,Jujuy,5.912829505826147,-1.0455973536595762
2018,1,La Pampa,23.64124866231016,0.8802881186537312
2018,1,La Rioja,13.694770063119927,-0.20022438873752305
2018,1,Mendoza,10.345843091967911,-0.5640272605362175
2018,1,Misiones,8.432278416607307,-0.7719028966027898
2018,1,Neuquén,18.31283869735193,0.3014487279859335
2018,1,Río Negro,15.323567091543692,-0.023283821916531052
2018,1,Salta,9.633845443846392,-0.6413734646582564
2018,1,San Juan,8.306800710570991,-0.7855338745834833
2018,1,San Luis,4.335615022675048,-1.216934370965594
2018,1,Santa Cruz,9.98473486255572,-0.603255410932434
2018,1,Santa Fe,19.584682368757406,0.43961249928404006
2018,1,Santiago Del Estero,8.683504190530646,-0.7446115705122359
2018,1,Tierra Del Fuego,19.33152333431171,0.4121111579450122
2018,1,Tucumán,10.200177350055142,-0.5798513187157613
2017,4,Buenos Aires,18.61464924835486,0.33423521337060635
2017,4,Catamarca,7.280600419229377,-0.8970127501297934
2017,4,Chaco,8.234501979468078,-0.7933878786358899
2017,4,Chubut,15.77581593080522,0.025845176090365556
2017,4,Córdoba,19.390857786793124,0.4185568178221266
2017,4,Corrientes,8.562263620309615,-0.7577822571246554
2017,4,Entre Ríos,14.317635180183578,-0.13256088926950194
2017,4,Formosa,5.414060072151437,-1.0997800079543185
2017,4,Jujuy,5.81583543877829,-1.0561340779427297
2017,4,La Pampa,23.409929773918797,0.855159330649999
2017,4,La Rioja,13.727965660359493,-0.1966182624436814
2017,4,Mendoza,9.300280994440511,-0.6776094607457033
2017,4,Misiones,8.482789477895514,-0.7664157452517621
2017,4,Neuquén,18.2308851652642,0.29254589714358
2017,4,Río Negro,15.187813662722721,-0.03803107907890501
2017,4,Salta,9.638816535753657,-0.6408334416815188
2017,4,San Juan,7.718528602820455,-0.849439443155824
2017,4,San Luis,3.0299272402737993,-1.3587747183371108
2017,4,Santa Cruz,8.603821648608145,-0.7532676976339492
2017,4,Santa Fe,19.405680474329014,0.4201670459160156
2017,4,Santiago Del Estero,7.228687949666727,-0.9026521402006247
2017,4,Tierra Del Fuego,17.758493353028065,0.24122871424108816
2017,4,Tucumán,9.883286960651205,-0.6142759671788782
2017,3,Buenos Aires,17.935870973592106,0.26049771840567254
2017,3,Catamarca,8.265091234974188,-0.7900648861982619
2017,3,Chaco,8.012103738024656,-0.8175475929614202
2017,3,Chubut,14.16737183585357,-0.14888439726601332
2017,3,Córdoba,19.076953915608296,0.38445660280116917
2017,3,Corrientes,8.470212670540503,-0.7677819973896037
2017,3,Entre Ríos,13.741494179292031,-0.19514862333801064
2017,3,Formosa,5.43429504811395,-1.0975818285286836
2017,3,Jujuy,5.791142800512126,-1.0588165051174334
2017,3,La Pampa,22.780807976856142,0.7868161513408912
2017,3,La Rioja,13.700651079810719,-0.19958551820387568
2017,3,Mendoza,9.964323465862444,-0.6054727554127414
2017,3,Misiones,8.227833589371523,-0.7941122836433142
2017,3,Neuquén,18.10848135178631,0.27924884431263985
2017,3,Río Negro,14.924361907723748,-0.06665054611256879
2017,3,Salta,9.649427484390076,-0.6396807460211803
2017,3,San Juan,8.245115565495915,-0.7922348964686851
2017,3,San Luis,4.429809174940647,-1.2067018088953976
2017,3,Santa Cruz,9.907366563740627,-0.611660135650999
2017,3,Santa Fe,19.152164898849556,0.3926269725732401
2017,3,Santiago Del Estero,8.716515836151316,-0.741025427373537
2017,3,Tierra Del Fuego,19.492764396867877,0.42962720476093513
2017,3,Tucumán,9.833448455500244,-0.6196900569623399
2017,2,Buenos Aires,18.104156481000473,0.27877902206043814
2017,2,Catamarca,6.608185687419579,-0.9700589564458431
2017,2,Chaco,7.763587198662014,-0.8445446076734195
2017,2,Chubut,10.897114883440475,-0.5041411350378344
2017,2,Córdoba,18.05661531060883,0.27361449788116016
2017,2,Corrientes,8.265165616133114,-0.7900568059745191
2017,2,Entre Ríos,13.571663585663645,-0.2135977738311402
2017,2,Formosa,5.0818187061685505,-1.1358722739595446
2017,2,Jujuy,5.729417105648426,-1.06552193203436
2017,2,La Pampa,20.920811368324546,0.5847597572933213
2017,2,La Rioja,4.313641371128342,-1.2193214273587187
2017,2,Mendoza,8.863231962926129,-0.7250872630840073
2017,2,Misiones,8.196262181174568,-0.7975419699481278
2017,2,Neuquén,18.43063459528346,0.3142452106571742
2017,2,Río Negro,14.1565144707972,-0.15006386179948913
2017,2,Salta,7.929941866624195,-0.8264730562591643
2017,2,San Juan,6.869062671706707,-0.9417191936240839
2017,2,San Luis,2.7229996991951935,-1.3921170760058112
2017,2,Santa Cruz,7.812000426302888,-0.8392853495885128
2017,2,Santa Fe,16.436519275562326,0.0976191431849521
2017,2,Santiago Del Estero,3.5041532386183105,-1.3072582829040655
2017,2,Tierra Del Fuego,20.30130511507835,0.5174611401632241
2017,2,Tucumán,9.459823731438563,-0.6602779075662832
2017,1,Buenos Aires,18.804855031011677,0.35489777500880926
2017,1,Catamarca,6.527341318167275,-0.978841295970143
2017,1,Chaco,7.65022534015797,-0.8568594088116546
2017,1,Chubut,10.932503392025788,-0.5002967869338264
2017,1,Córdoba,17.652242570602198,0.2296864082695453
2017,1,Corrientes,8.147787146784857,-0.8028079422650609
2017,1,Entre Ríos,13.427434245008815,-0.2292657919097218
2017,1,Formosa,5.050590921688212,-1.1392646315032355
2017,1,Jujuy,5.81976940765058,-1.0557067204083213
2017,1,La Pampa,20.649049712429974,0.5552375635545895
2017,1,La Rioja,4.311444393660782,-1.219560090882546
2017,1,Mendoza,8.886706245725367,-0.7225371891142426
2017,1,Misiones,8.041713210556319,-0.8143310369623631
2017,1,Neuquén,18.166254008454768,0.28552484214372875
2017,1,Río Negro,14.158945655638249,-0.14979975570381554
2017,1,Salta,7.8901262912821775,-0.8307983284363479
2017,1,San Juan,6.887390312005832,-0.9397282131603263
2017,1,San Luis,2.7319835263877543,-1.391141138889072
2017,1,Santa Cruz,7.89382704275053,-0.8303963059307521
2017,1,Santa Fe,16.34225474583628,0.0873789358234603
2017,1,Santiago Del Estero,3.6488508898009986,-1.2915393910033923
2017,1,Tierra Del Fuego,20.435486705666722,0.5320376443447333
2017,1,Tucumán,9.388852799951817,-0.667987669203822
2016,4,Buenos Aires,18.578640735833826,0.3303235125848933
2016,4,Catamarca,6.720813040873304,-0.9578239465508805
2016,4,Chaco,7.653240095890541,-0.8565319078530703
2016,4,Chubut,10.959254911598952,-0.4973906979896568
2016,4,Córdoba,17.57129145976522,0.22089247312211624
2016,4,Corrientes,8.119896031116928,-0.8058378285734421
2016,4,Entre Ríos,13.451982739190726,-0.22659902349146618
2016,4,Formosa,5.02928480990009,-1.1415791712713919
2016,4,Jujuy,5.758804384392255,-1.0623295135392872
2016,4,La Pampa,20.670760836407798,0.5575961008774839
2016,4,La Rioja,4.350562085368715,-1.2153106316664835
2016,4,Mendoza,8.910941733480245,-0.7199044234192553
2016,4,Misiones,8.047024567428018,-0.8137540500947136
2016,4,Neuquén,17.993247493890816,0.26673068288602564
2016,4,Río Negro,14.170250609480686,-0.1485716684063444
2016,4,Salta,7.865487548426057,-0.833474900808866
2016,4,San Juan,6.913287316652287,-0.936914952452487
2016,4,San Luis,2.7410268293938924,-1.3901587407560225
2016,4,Santa Cruz,7.940780215262837,-0.8252956575298821
2016,4,Santa Fe,16.345011971501133,0.08767846060369944
2016,4,Santiago Del Estero,3.719720429331573,-1.2838406438445658
2016,4,Tierra Del Fuego,20.57132386392357,0.5467939972591164
2016,4,Tucumán,9.349553397483637,-0.6722568681445735
2016,3,Buenos Aires,18.295308597951934,0.29954438651788384
2016,3,Catamarca,6.72059087375157,-0.9578480811580553
2016,3,Chaco,7.706877803276395,-0.8507051005945773
2016,3,Chubut,11.041169584989312,-0.4884920884712732
2016,3,Córdoba,17.78550480431242,0.2441630402605411
2016,3,Corrientes,8.161726730902307,-0.8012936480516331
2016,3,Entre Ríos,13.552371996148606,-0.21569347067003494
2016,3,Formosa,4.733748023050463,-1.1736841209177162
2016,3,Jujuy,5.76400350138348,-1.0617647195893092
2016,3,La Pampa,20.294829381412075,0.5167576639378276
2016,3,La Rioja,4.529887087279927,-1.1958300782705509
2016,3,Mendoza,8.930444449562124,-0.7177857913381199
2016,3,Misiones,8.121652823521027,-0.8056469835274706
2016,3,Neuquén,17.862151015228427,0.252489322644101
2016,3,Río Negro,14.220201565227184,-0.14314536281467177
2016,3,Salta,7.955372391224448,-0.8237104705233109
2016,3,San Juan,6.939188629814689,-0.9341012236990656
2016,3,San Luis,2.7472425273887247,-1.389483512899389
2016,3,Santa Cruz,7.932484607529773,-0.8261968315305699
2016,3,Santa Fe,16.529361932364445,0.10770488869716693
2016,3,Santiago Del Estero,3.794480871177055,-1.2757192175863608
2016,3,Tierra Del Fuego,20.307103192524696,0.5180910007854659
2016,3,Tucumán,9.358616360369721,-0.6712723343063131
2016,2,Buenos Aires,18.098684568289556,0.2781845935836122
2016,2,Catamarca,6.632980570132604,-0.9673654221840888
2016,2,Chaco,7.642896733294073,-0.8576555349279706
2016,2,Chubut,11.074824787933132,-0.4848360339835524
2016,2,Córdoba,17.620348014320207,0.22622161752609657
2016,2,Corrientes,8.053039893831306,-0.81310058913866
2016,2,Entre Ríos,13.377306134693265,-0.2347113422748781
2016,2,Formosa,4.930439412017454,-1.1523170105624703
2016,2,Jujuy,5.597761384701527,-1.079824044257707
2016,2,La Pampa,19.91385540427254,0.475371444364262
2016,2,La Rioja,4.4934890589340855,-1.1997840931995396
2016,2,Mendoza,8.96594364845842,-0.7139294186503085
2016,2,Misiones,7.964976216879448,-0.8226671813194436
2016,2,Neuquén,17.594175765043765,0.22337845625975056
2016,2,Río Negro,14.224291356155328,-0.14270107791460318
2016,2,Salta,7.770812428027119,-0.843759711730608
2016,2,San Juan,6.964997582946448,-0.9312975282621889
2016,2,San Luis,2.7487304539676813,-1.3893218754653354
2016,2,Santa Cruz,7.955357767523354,-0.8237120591349767
2016,2,Santa Fe,16.489119309020037,0.10333322515612153
2016,2,Santiago Del Estero,3.943453095409565,-1.2595359674107431
2016,2,Tierra Del Fuego,20.081326844262296,0.49356431370341575
2016,2,Tucumán,9.224512334342581,-0.6858404124425937
2016,1,Buenos Aires,17.53507921643952,0.21695864051553929
2016,1,Catamarca,6.606879526910472,-0.9702008481467778
2016,1,Chaco,7.524734075579937,-0.8704918596929092
2016,1,Chubut,11.115931499378867,-0.4803705022466766
2016,1,Córdoba,16.972666239608547,0.1558622183270385
2016,1,Corrientes,7.940601449315725,-0.8253150773516637
2016,1,Entre Ríos,13.142540095674788,-0.2602146034482164
2016,1,Formosa,4.858053690123639,-1.1601804646565832
2016,1,Jujuy,5.491800261988138,-1.0913348837218724
2016,1,La Pampa,19.101771424266833,0.38715259497975
2016,1,La Rioja,4.4969582015400285,-1.1994072309825987
2016,1,Mendoza,8.990567825336337,-0.7112544286188647
2016,1,Misiones,7.751215322654614,-0.8458885975722142
2016,1,Neuquén,16.65921009321782,0.12181064084499185
2016,1,Río Negro,14.14929460475045,-0.1508481751107185
2016,1,Salta,7.6113150931071925,-0.8610863327611488
2016,1,San Juan,6.982387580659241,-0.9294084064142107
2016,1,San Luis,2.752950183918377,-1.3888634749425701
2016,1,Santa Cruz,8.051419802811122,-0.8132765839485783
2016,1,Santa Fe,16.157804349232396,0.06734159712753253
2016,1,Santiago Del Estero,4.032855070541266,-1.2498239923281094
2016,1,Tierra Del Fuego,19.6541853628346,0.44716279496432854
2016,1,Tucumán,9.127106142747772,-0.6964219069148293
2015,4,Buenos Aires,17.683348856285942,0.23306556707480405
2015,4,Catamarca,6.643394374998431,-0.9662341427775284
2015,4,Chaco,7.53670916277073,-0.869190974021893
2015,4,Chubut,11.205552103480567,-0.47063477691573075
2015,4,Córdoba,17.46916799414709,0.20979852858706088
2015,4,Corrientes,7.950363156694786,-0.8242546370348838
2015,4,Entre Ríos,13.123962308090587,-0.26223275807894386
2015,4,Formosa,4.8305631271657905,-1.1631668378553957
2015,4,Jujuy,5.458341251601313,-1.094969625288686
2015,4,La Pampa,19.272161272149656,0.405662498754627
2015,4,La Rioja,4.577775134234902,-1.1906278719647332
2015,4,Mendoza,9.015907568565332,-0.7085017047055753
2015,4,Misiones,7.766317103077486,-0.8442480508733939
2015,4,Neuquén,17.22630452981118,0.18341562249759494
2015,4,Río Negro,14.185024658290292,-0.14696672406705955
2015,4,Salta,7.599850568087338,-0.8623317547013579
2015,4,San Juan,7.007150043164227,-0.9267183940461529
2015,4,San Luis,2.759291577250979,-1.3881745924660402
2015,4,Santa Cruz,8.143243109871943,-0.8033015731183814
2015,4,Santa Fe,16.474943169318767,0.1017932332784941
2015,4,Santiago Del Estero,4.197822731421939,-1.231903115193647
2015,4,Tierra Del Fuego,19.441920240938828,0.42410386845037784
2015,4,Tucumán,9.122607419100433,-0.6969106152672147
2015,3,Buenos Aires,17.5478839831824,0.21834965648987958
2015,3,Catamarca,6.5638473961451576,-0.9748755433213498
2015,3,Chaco,7.454020298824401,-0.8781736859259088
2015,3,Chubut,11.233578169758335,-0.4675902305625551
2015,3,Córdoba,17.430734989025318,0.20562344870159402
2015,3,Corrientes,7.9251911359201195,-0.8269891408104768
2015,3,Entre Ríos,13.027710914374044,-0.27268880377666754
2015,3,Formosa,4.783639923880968,-1.1682642306191262
2015,3,Jujuy,5.423454555427568,-1.098759460171592
2015,3,La Pampa,19.055588379965016,0.38213560766108434
2015,3,La Rioja,4.550079085806065,-1.1936365675984932
2015,3,Mendoza,9.042401990754488,-0.7056235449361652
2015,3,Misiones,7.687041384274881,-0.8528599837141905
2015,3,Neuquén,16.195213031371225,0.07140540207447309
2015,3,Río Negro,14.21984560217436,-0.14318403203080793
2015,3,Salta,7.525378783060509,-0.8704218233992178
2015,3,San Juan,7.027462887351242,-0.9245117555875385
2015,3,San Luis,2.7688118552652248,-1.3871403792652925
2015,3,Santa Cruz,8.159354482038923,-0.8015513517748121
2015,3,Santa Fe,16.3639671637834,0.08973761371369182
2015,3,Santiago Del Estero,4.237302719178804,-1.227614298791185
2015,3,Tierra Del Fuego,22.04802112197417,0.7072115602229521
2015,3,Tucumán,9.04046893117945,-0.705833538355196
2015,2,Buenos Aires,17.32566254457297,0.19420914872791525
2015,2,Catamarca,6.475144864314208,-0.9845115360121112
2015,2,Chaco,7.341229538625331,-0.8904264471315865
2015,2,Chubut,11.215678099350221,-0.46953476296829777
2015,2,Córdoba,17.106520102782877,0.1704031206051851
2015,2,Corrientes,7.790823368355694,-0.8415858698936141
2015,2,Entre Ríos,12.837181261223597,-0.29338654833067845
2015,2,Formosa,4.673478484721786,-1.180231361665224
2015,2,Jujuy,5.188392481356063,-1.124294880422561
2015,2,La Pampa,18.685329046975873,0.3419133484681995
2015,2,La Rioja,4.494678751214943,-1.199654853752976
2015,2,Mendoza,9.068294493026901,-0.7028107733332307
2015,2,Misiones,7.4498150149300955,-0.878630517135026
2015,2,Neuquén,15.814175161962616,0.030012241713253854
2015,2,Río Negro,14.14343856592951,-0.15148433223172314
2015,2,Salta,7.378443804380798,-0.8863837621550726
2015,2,San Juan,7.042097078751527,-0.922922004331767
2015,2,San Luis,2.778618445940834,-1.3860750631562604
2015,2,Santa Cruz,8.058063850217536,-0.8125548233525302
2015,2,Santa Fe,16.093025858679276,0.06030453687001877
2015,2,Santiago Del Estero,4.2466687085071415,-1.2265968463820294
2015,2,Tierra Del Fuego,22.095953780047246,0.7124186127535516
2015,2,Tucumán,8.841187690702666,-0.7274819911896635
2015,1,Buenos Aires,17.241393436944044,0.18505477073657586
2015,1,Catamarca,6.4030169907943355,-0.9923469793494248
2015,1,Chaco,7.143089175357747,-0.9119509634309632
2015,1,Chubut,11.585798774556789,-0.4293275665402723
2015,1,Córdoba,16.79362190248589,0.13641215429589904
2015,1,Corrientes,7.642568763996284,-0.8576911631078101
2015,1,Entre Ríos,12.609336086982932,-0.3181379774983661
2015,1,Formosa,4.62384901660949,-1.1856227431974657
2015,1,Jujuy,5.050879913471037,-1.1392332375548386
2015,1,La Pampa,18.332348933631966,0.30356817700625865
2015,1,La Rioja,4.462324463144091,-1.2031695863872114
2015,1,Mendoza,9.059236417534116,-0.7037947762409176
2015,1,Misiones,7.1884830279667495,-0.9070197081114477
2015,1,Neuquén,15.526250068921229,-0.0012658293267157742
2015,1,Río Negro,13.99387526238606,-0.16773179292988497
2015,1,Salta,7.2946429647847415,-0.895487270940664
2015,1,San Juan,7.039582453142129,-0.923195174820726
2015,1,San Luis,2.790401457622043,-1.3847950431603073
2015,1,Santa Cruz,8.391896957421542,-0.7762896422516952
2015,1,Santa Fe,15.832773292036375,0.03203260620289563
2015,1,Santiago Del Estero,4.2444689547784344,-1.226835811498512
2015,1,Tierra Del Fuego,22.16715476458662,0.7201533656679777
2015,1,Tucumán,8.71860866450986,-0.7407980778452915
2014,4,Buenos Aires,17.0147634301905,0.16043534845507554
2014,4,Catamarca,6.459254980059493,-0.9862376965328423
2014,4,Chaco,5.81368220415458,-1.0563679895647238
2014,4,Chubut,12.22355578461917,-0.3600463210042939
2014,4,Córdoba,16.655707331301695,0.12143012647268989
2014,4,Corrientes,6.174655065970425,-1.0171545445116585
2014,4,Entre Ríos,10.718328095183363,-0.5235632208485703
2014,4,Formosa,4.549162969289201,-1.193736087779915
2014,4,Jujuy,4.982003512117359,-1.1467154647958249
2014,4,La Pampa,16.816524623987434,0.13890013803697226
2014,4,La Rioja,4.496901902725229,-1.1994133468730552
2014,4,Mendoza,9.056377705209336,-0.7041053257877904
2014,4,Misiones,6.540662222041546,-0.9773942106421677
2014,4,Neuquén,15.52866412077054,-0.0010035844336454386
2014,4,Río Negro,13.889530185847859,-0.17906707698643579
2014,4,Salta,7.103785883014793,-0.9162205849391896
2014,4,San Juan,7.100961754619733,-0.9165273775415073
2014,4,San Luis,2.7819569555272006,-1.3857123919527645
2014,4,Santa Cruz,8.15757414246012,-0.8017447548131956
2014,4,Santa Fe,15.657532856900755,0.012995770193401862
2014,4,Santiago Del Estero,4.26296198713424,-1.2248268640543718
2014,4,Tierra Del Fuego,19.341882280727507,0.4132364779317836
2014,4,Tucumán,8.693215352295233,-0.7435566211004119
2014,3,Buenos Aires,17.26299843234104,0.18740177902858426
2014,3,Catamarca,6.269890252791938,-1.0068088920801774
2014,3,Chaco,5.627757222300207,-1.0765655163905994
2014,3,Chubut,12.388234071451354,-0.3421568793447678
2014,3,Córdoba,16.5601374978714,0.1110481204872609
2014,3,Corrientes,5.9862826719116935,-1.0376179402549786
2014,3,Entre Ríos,10.433826435850124,-0.5544693951511177
2014,3,Formosa,4.5129252671268265,-1.197672686047844
2014,3,Jujuy,4.68339443034039,-1.1791541660369758
2014,3,La Pampa,18.33753400191527,0.30413144480761334
2014,3,La Rioja,4.379035874747908,-1.2122174479582768
2014,3,Mendoza,8.992236937014606,-0.7110731085640716
2014,3,Misiones,6.399773666851879,-0.9926993102824678
2014,3,Neuquén,16.726688649309313,0.12914101642570214
2014,3,Río Negro,14.159932806209634,-0.1496925189035326
2014,3,Salta,7.053549273694012,-0.9216779218407591
2014,3,San Juan,7.0752480415613945,-0.919320726795108
2014,3,San Luis,2.770051341285783,-1.3870057305919363
2014,3,Santa Cruz,8.34323913237982,-0.781575471604841
2014,3,Santa Fe,15.437988654617879,-0.010853902243554413
2014,3,Santiago Del Estero,4.082169590293595,-1.2444668244764918
2014,3,Tierra Del Fuego,19.344392262780588,0.4135091439788308
2014,3,Tucumán,8.381678430058432,-0.7773997081421359
2014,2,Buenos Aires,16.794925434991658,0.13655376050981977
2014,2,Catamarca,6.284355435383139,-1.0052375007022516
2014,2,Chaco,5.602127567276613,-1.0793497341956195
2014,2,Chubut,12.696289361395674,-0.30869201130795565
2014,2,Córdoba,16.365408420405306,0.08989418126579578
2014,2,Corrientes,5.945267054468535,-1.0420735762073163
2014,2,Entre Ríos,10.372072065869386,-0.5611779371225132
2014,2,Formosa,4.464869672895974,-1.2028930934612558
2014,2,Jujuy,4.784095434078587,-1.1682147473310598
2014,2,La Pampa,16.379048903362197,0.09137598332215148
2014,2,La Rioja,4.3933834187878436,-1.210658835970034
2014,2,Mendoza,8.95860097015214,-0.7147270733849531
2014,2,Misiones,6.365807425994047,-0.9963891536486355
2014,2,Neuquén,15.137568029498313,-0.04348939627120126
2014,2,Río Negro,13.946569423268942,-0.17287075244494857
2014,2,Salta,7.004015501526469,-0.9270589076672059
2014,2,San Juan,7.077771062624967,-0.919046644285563
2014,2,San Luis,2.781512264860477,-1.3857606998863232
2014,2,Santa Cruz,8.744673181156902,-0.7379666198619075
2014,2,Santa Fe,15.216957428230305,-0.034865114076377796
2014,2,Santiago Del Estero,4.143683147939005,-1.2377844425915694
2014,2,Tierra Del Fuego,19.08631433655622,0.3854734503023042
2014,2,Tucumán,8.409488588173268,-0.7743786164687416
2014,1,Buenos Aires,16.692346018019045,0.12541028476265081
2014,1,Catamarca,6.184614520776599,-1.0160726223642822
2014,1,Chaco,5.553671463702625,-1.0846136500075334
2014,1,Chubut,12.703590133239262,-0.30789890898415956
2014,1,Córdoba,16.125183143749393,0.06379786854268088
2014,1,Corrientes,5.891708288681968,-1.0478918078292627
2014,1,Entre Ríos,10.302247104839328,-0.5687632089318978
2014,1,Formosa,4.444467754793774,-1.2051094082569258
2014,1,Jujuy,4.724302778829112,-1.1747101829973516
2014,1,La Pampa,15.994061954006705,0.04955382387017435
2014,1,La Rioja,4.353174900044055,-1.215026794637323
2014,1,Mendoza,8.933318322823283,-0.717473594818279
2014,1,Misiones,6.323160981949705,-1.0010219506456977
2014,1,Neuquén,14.882265766507492,-0.07122356224521051
2014,1,Río Negro,13.867842232252002,-0.1814230972489186
2014,1,Salta,6.976877486214764,-0.930006982674622
2014,1,San Juan,7.050796578649686,-0.9219769544476026
2014,1,San Luis,2.684668505334274,-1.39628109586238
2014,1,Santa Cruz,8.677326900880571,-0.7452826259679053
2014,1,Santa Fe,15.077800919408592,-0.04998205689863491
2014,1,Santiago Del Estero,4.058899015580628,-1.2469947690933525
2014,1,Tierra Del Fuego,19.10492102645171,0.387494744668218
2014,1,Tucumán,8.307214637543202,-0.7854889085921367
